"localityId","county","localityType","localityName"
"63a0c562f6320e88cb02ea5f","Marin","NEIGHBORHOOD","Almonte"
"63a0c562f6320e88cb02ea60","Marin","NEIGHBORHOOD","Alto Sutton Manor"
"63a0c575f6320e88cb02eab6","Marin","NEIGHBORHOOD","Andersen - Shoreline"
"63a0c56ef6320e88cb02ea87","Marin","NEIGHBORHOOD","Baltimore Park"
"63a0c56ef6320e88cb02ea91","Marin","NEIGHBORHOOD","Bayfront"
"63a0c56bf6320e88cb02ea66","Marin","NEIGHBORHOOD","Bayside Acres"
"63a0c573f6320e88cb02eab3","Marin","NEIGHBORHOOD","Belvedere"
"63a0c56ef6320e88cb02ea94","Marin","NEIGHBORHOOD","Blithedale Canyon"
"63a0c56bf6320e88cb02ea72","Marin","NEIGHBORHOOD","Bret Harte"
"63a0c56bf6320e88cb02ea73","Marin","NEIGHBORHOOD","California Park"
"63a0c56bf6320e88cb02ea6c","Marin","NEIGHBORHOOD","Canal"
"63a0c56bf6320e88cb02ea6d","Marin","NEIGHBORHOOD","Canal Waterfront"
"63a0c56ef6320e88cb02ea95","Marin","NEIGHBORHOOD","Cascade Canyon"
"63a0c56ef6320e88cb02eaa2","Marin","NEIGHBORHOOD","Central Novato"
"63a0c56bf6320e88cb02ea76","Marin","NEIGHBORHOOD","China Camp"
"63a0c56bf6320e88cb02ea70","Marin","NEIGHBORHOOD","Civic Center"
"63a0c56bf6320e88cb02ea71","Marin","NEIGHBORHOOD","Country Club"
"63a0c573f6320e88cb02eaac","Marin","NEIGHBORHOOD","Creekside"
"63a0c56bf6320e88cb02ea7f","Marin","NEIGHBORHOOD","Dominican - Black Canyon"
"63a0c56bf6320e88cb02ea7e","Marin","NEIGHBORHOOD","Downtown Mill Valley"
"63a0c56bf6320e88cb02ea69","Marin","NEIGHBORHOOD","Downtown San Rafael"
"63a0c573f6320e88cb02eab1","Marin","NEIGHBORHOOD","El Campo"
"63a0c56bf6320e88cb02ea6e","Marin","NEIGHBORHOOD","Enchanted Knolls"
"63a0c573f6320e88cb02eaa8","Marin","NEIGHBORHOOD","Fairfax"
"63a0c56bf6320e88cb02ea74","Marin","NEIGHBORHOOD","Fairhills"
"63a0c56bf6320e88cb02ea81","Marin","NEIGHBORHOOD","Francisco Boulevard West"
"63a0c56bf6320e88cb02ea7c","Marin","NEIGHBORHOOD","Gerstle Park"
"63a0c56bf6320e88cb02ea78","Marin","NEIGHBORHOOD","Glenwood"
"63a0c56ef6320e88cb02ea8c","Marin","NEIGHBORHOOD","Greenbrae East"
"63a0c56ff6320e88cb02eaa5","Marin","NEIGHBORHOOD","Greenbrae Hills"
"63a0c56ef6320e88cb02ea86","Marin","NEIGHBORHOOD","Heather Gardens"
"63a0c56ef6320e88cb02ea9f","Marin","NEIGHBORHOOD","Hillview"
"63a0c56bf6320e88cb02ea68","Marin","NEIGHBORHOOD","Homestead Valley"
"63a0c573f6320e88cb02eaaa","Marin","NEIGHBORHOOD","Kentfield"
"63a0c56ef6320e88cb02ea8e","Marin","NEIGHBORHOOD","Larkspur Landing"
"63a0c56bf6320e88cb02ea7b","Marin","NEIGHBORHOOD","Lincoln-San Rafael Hill"
"63a0c56bf6320e88cb02ea67","Marin","NEIGHBORHOOD","Loch Lomond - Canal North"
"63a0c56bf6320e88cb02ea63","Marin","NEIGHBORHOOD","Los Ranchitos"
"63a0c56bf6320e88cb02ea6a","Marin","NEIGHBORHOOD","Lucas Valley"
"63a0c573f6320e88cb02eaad","Marin","NEIGHBORHOOD","Madrone Canyon"
"63a0c573f6320e88cb02eab4","Marin","NEIGHBORHOOD","Marin City"
"63a0c56ef6320e88cb02ea85","Marin","NEIGHBORHOOD","Marinship"
"63a0c56bf6320e88cb02ea75","Marin","NEIGHBORHOOD","Marinwood"
"63a0c56ef6320e88cb02ea99","Marin","NEIGHBORHOOD","Midwest Novato"
"63a0c56ef6320e88cb02ea89","Marin","NEIGHBORHOOD","Miller-Molino"
"63a0c56bf6320e88cb02ea6b","Marin","NEIGHBORHOOD","Mont Marin - San Rafael Park"
"63a0c56ef6320e88cb02ea88","Marin","NEIGHBORHOOD","Monte Mar Vista - Toyon Terraces"
"63a0c56bf6320e88cb02ea6f","Marin","NEIGHBORHOOD","Montecito - Happy Valley"
"63a0c56ef6320e88cb02eaa3","Marin","NEIGHBORHOOD","Muir Woods Park"
"63a0c56ef6320e88cb02ea8a","Marin","NEIGHBORHOOD","Murray Park"
"63a0c56ef6320e88cb02eaa4","Marin","NEIGHBORHOOD","Nevada Street Valley"
"63a0c56ef6320e88cb02ea92","Marin","NEIGHBORHOOD","New Town"
"63a0c573f6320e88cb02eaae","Marin","NEIGHBORHOOD","North Magnolia"
"63a0c56bf6320e88cb02ea77","Marin","NEIGHBORHOOD","North San Rafael Commercial Center"
"63a0c56ff6320e88cb02eaa6","Marin","NEIGHBORHOOD","Northeast Novato"
"63a0c56ef6320e88cb02ea9e","Marin","NEIGHBORHOOD","Northwest Novato"
"63a0c56ef6320e88cb02eaa0","Marin","NEIGHBORHOOD","Old Town"
"63a0c56ef6320e88cb02ea90","Marin","NEIGHBORHOOD","Old Town - Hurricane Gulch"
"63a0c56ef6320e88cb02ea98","Marin","NEIGHBORHOOD","Palm Hill"
"63a0c573f6320e88cb02eab2","Marin","NEIGHBORHOOD","Paradise Cay"
"63a0c56bf6320e88cb02ea7d","Marin","NEIGHBORHOOD","Peacock Gap"
"63a0c56bf6320e88cb02ea65","Marin","NEIGHBORHOOD","Picnic Valley"
"63a0c56ef6320e88cb02ea9b","Marin","NEIGHBORHOOD","Riviera Circle"
"63a0c573f6320e88cb02eaa9","Marin","NEIGHBORHOOD","Ross"
"63a0c566f6320e88cb02ea62","Marin","NEIGHBORHOOD","San Anselmo"
"63a0c575f6320e88cb02eab5","Marin","NEIGHBORHOOD","San Rafael Meadows - Merrydale"
"63a0c573f6320e88cb02eaa7","Marin","NEIGHBORHOOD","Santa Venetia"
"63a0c56ef6320e88cb02ea8f","Marin","NEIGHBORHOOD","Scott Valley - Alto"
"63a0c56ef6320e88cb02ea9c","Marin","NEIGHBORHOOD","Shelter Ridge"
"63a0c564f6320e88cb02ea61","Marin","NEIGHBORHOOD","Sleepy Hollow"
"63a0c56bf6320e88cb02ea83","Marin","NEIGHBORHOOD","Smith Ranch"
"63a0c573f6320e88cb02eaab","Marin","NEIGHBORHOOD","South Eliseo"
"63a0c573f6320e88cb02eaaf","Marin","NEIGHBORHOOD","South Magnolia"
"63a0c56ef6320e88cb02ea8b","Marin","NEIGHBORHOOD","Southeast Novato"
"63a0c56ef6320e88cb02ea97","Marin","NEIGHBORHOOD","Southwest Novato"
"63a0c56ef6320e88cb02ea93","Marin","NEIGHBORHOOD","Spring Street Valley"
"63a0c56bf6320e88cb02ea64","Marin","NEIGHBORHOOD","Strawberry"
"63a0c56bf6320e88cb02ea79","Marin","NEIGHBORHOOD","Sun Valley"
"63a0c56ef6320e88cb02ea8d","Marin","NEIGHBORHOOD","Sycamore - Tamalpals Park"
"63a0c56bf6320e88cb02ea82","Marin","NEIGHBORHOOD","Tamalpais Valley"
"63a0c56bf6320e88cb02ea7a","Marin","NEIGHBORHOOD","Terra Linda"
"63a0c56ef6320e88cb02eaa1","Marin","NEIGHBORHOOD","The Hill"
"63a0c56ef6320e88cb02ea84","Marin","NEIGHBORHOOD","The Loop"
"63a0c573f6320e88cb02eab0","Marin","NEIGHBORHOOD","Tiburon"
"63a0c56ef6320e88cb02ea9a","Marin","NEIGHBORHOOD","Warner Canyon - Kite Hill"
"63a0c56bf6320e88cb02ea80","Marin","NEIGHBORHOOD","West End"
"63a0c56ef6320e88cb02ea9d","Marin","NEIGHBORHOOD","West Novato"
"63a0c56ef6320e88cb02ea96","Marin","NEIGHBORHOOD","Wolfback Ridge"
"63a0c57cf6320e88cb02eac5","Marin","ZIPCODE","94901"
"63a0c57cf6320e88cb02eac6","Marin","ZIPCODE","94903"
"63a0c57cf6320e88cb02eac7","Marin","ZIPCODE","94904"
"63a0c57cf6320e88cb02eac8","Marin","ZIPCODE","94920"
"63a0c57cf6320e88cb02eac9","Marin","ZIPCODE","94924"
"63a0c57cf6320e88cb02eaca","Marin","ZIPCODE","94925"
"63a0c577f6320e88cb02eab7","Marin","ZIPCODE","94929"
"63a0c57cf6320e88cb02eacb","Marin","ZIPCODE","94930"
"63a0c57cf6320e88cb02eacc","Marin","ZIPCODE","94933"
"63a0c57cf6320e88cb02eacd","Marin","ZIPCODE","94937"
"63a0c57df6320e88cb02ead2","Marin","ZIPCODE","94938"
"63a0c57df6320e88cb02ead3","Marin","ZIPCODE","94939"
"63a0c57cf6320e88cb02eace","Marin","ZIPCODE","94940"
"63a0c579f6320e88cb02eabd","Marin","ZIPCODE","94941"
"63a0c57cf6320e88cb02eacf","Marin","ZIPCODE","94945"
"63a0c57cf6320e88cb02ead0","Marin","ZIPCODE","94946"
"63a0c57df6320e88cb02ead1","Marin","ZIPCODE","94947"
"63a0c57af6320e88cb02eac2","Marin","ZIPCODE","94949"
"63a0c578f6320e88cb02eab9","Marin","ZIPCODE","94950"
"63a0c579f6320e88cb02eabb","Marin","ZIPCODE","94952"
"63a0c57af6320e88cb02eabf","Marin","ZIPCODE","94956"
"63a0c578f6320e88cb02eaba","Marin","ZIPCODE","94957"
"63a0c57cf6320e88cb02eac4","Marin","ZIPCODE","94960"
"63a0c57af6320e88cb02eac3","Marin","ZIPCODE","94963"
"63a0c577f6320e88cb02eab8","Marin","ZIPCODE","94964"
"63a0c57af6320e88cb02eabe","Marin","ZIPCODE","94965"
"63a0c57af6320e88cb02eac0","Marin","ZIPCODE","94970"
"63a0c579f6320e88cb02eabc","Marin","ZIPCODE","94971"
"63a0c57af6320e88cb02eac1","Marin","ZIPCODE","94973"
"62ff047f9612f003262eafb9","Sacramento","NEIGHBORHOOD","Airport"
"62ff047e9612f003262eaf9b","Sacramento","NEIGHBORHOOD","Alhambra Triangle"
"62ff047e9612f003262eaf89","Sacramento","NEIGHBORHOOD","Alkali Flat"
"62ff047e9612f003262eaf81","Sacramento","NEIGHBORHOOD","American River Parkway"
"62ff047e9612f003262eaf83","Sacramento","NEIGHBORHOOD","Arden Fair"
"62ff047f9612f003262eafb5","Sacramento","NEIGHBORHOOD","Avondale"
"62ff047f9612f003262eafca","Sacramento","NEIGHBORHOOD","Belvedere"
"62ff047e9612f003262eaf74","Sacramento","NEIGHBORHOOD","Ben Ali"
"62ff047e9612f003262eaf90","Sacramento","NEIGHBORHOOD","Boulevard Park"
"62ff047f9612f003262eafb8","Sacramento","NEIGHBORHOOD","Brentwood"
"62ff047e9612f003262eaf98","Sacramento","NEIGHBORHOOD","CSUS"
"62ff047e9612f003262eaf88","Sacramento","NEIGHBORHOOD","Cal Expo"
"62ff047e9612f003262eaf93","Sacramento","NEIGHBORHOOD","Campus Commons"
"62ff047e9612f003262eaf75","Sacramento","NEIGHBORHOOD","Cannon Industrial Park"
"62ff047e9612f003262eafac","Sacramento","NEIGHBORHOOD","Carleton Tract"
"62ff047e9612f003262eafa4","Sacramento","NEIGHBORHOOD","Central Oak Park"
"62ff047f9612f003262eafcd","Sacramento","NEIGHBORHOOD","College Town"
"62ff047e9612f003262eaf9a","Sacramento","NEIGHBORHOOD","College/Glen"
"62ff047e9612f003262eafab","Sacramento","NEIGHBORHOOD","Colonial Heights"
"62ff047e9612f003262eafa9","Sacramento","NEIGHBORHOOD","Colonial Manor"
"62ff047e9612f003262eafb1","Sacramento","NEIGHBORHOOD","Colonial Village"
"62ff047e9612f003262eaf55","Sacramento","NEIGHBORHOOD","Creekside"
"62ff047e9612f003262eaf9c","Sacramento","NEIGHBORHOOD","Curtis Park"
"62ff047e9612f003262eaf67","Sacramento","NEIGHBORHOOD","Del Paso Heights"
"62ff047e9612f003262eaf66","Sacramento","NEIGHBORHOOD","Del Paso Park"
"62ff047e9612f003262eafb4","Sacramento","NEIGHBORHOOD","Depot Park"
"62ff047e9612f003262eaf87","Sacramento","NEIGHBORHOOD","Dos Rios Triangle"
"62ff047e9612f003262eaf8f","Sacramento","NEIGHBORHOOD","Downtown"
"62ff047e9612f003262eaf63","Sacramento","NEIGHBORHOOD","East Del Paso Heights"
"62ff047e9612f003262eaf8d","Sacramento","NEIGHBORHOOD","East Sacramento"
"62ff047f9612f003262eafc8","Sacramento","NEIGHBORHOOD","Elder Creek"
"62ff047e9612f003262eaf9d","Sacramento","NEIGHBORHOOD","Elmhurst"
"62ff047e9612f003262eaf80","Sacramento","NEIGHBORHOOD","Erikson Industrial Park"
"62ff047e9612f003262eafa1","Sacramento","NEIGHBORHOOD","Fairgrounds"
"62ff047e9612f003262eafb3","Sacramento","NEIGHBORHOOD","Florin Fruitridge Industrial Park"
"62ff047f9612f003262eafba","Sacramento","NEIGHBORHOOD","Freeport Manor"
"62ff047e9612f003262eafb2","Sacramento","NEIGHBORHOOD","Fruitridge Manor"
"62ff047e9612f003262eaf6f","Sacramento","NEIGHBORHOOD","Gardenland"
"62ff047e9612f003262eaf7d","Sacramento","NEIGHBORHOOD","Gateway Center"
"62ff047e9612f003262eaf68","Sacramento","NEIGHBORHOOD","Gateway West"
"62ff047f9612f003262eafbc","Sacramento","NEIGHBORHOOD","Glen Elder"
"62ff047e9612f003262eaf60","Sacramento","NEIGHBORHOOD","Glenwood Meadows"
"62ff047f9612f003262eafbf","Sacramento","NEIGHBORHOOD","Golf Course Terrace"
"62ff047e9612f003262eafa3","Sacramento","NEIGHBORHOOD","Granite Regional Park"
"62ff047f9612f003262eafce","Sacramento","NEIGHBORHOOD","Greenbriar"
"62ff047f9612f003262eafbb","Sacramento","NEIGHBORHOOD","Greenhaven"
"62ff047e9612f003262eaf70","Sacramento","NEIGHBORHOOD","Hagginwood"
"62ff047e9612f003262eaf57","Sacramento","NEIGHBORHOOD","Hansen Park Golf Course Site"
"62ff047f9612f003262eafcf","Sacramento","NEIGHBORHOOD","Heritage Park"
"62ff047e9612f003262eafae","Sacramento","NEIGHBORHOOD","Hollywood Park"
"62ff047e9612f003262eaf86","Sacramento","NEIGHBORHOOD","Johnson Business Park"
"62ff047e9612f003262eaf6e","Sacramento","NEIGHBORHOOD","Johnson Heights"
"62ff047e9612f003262eaf96","Sacramento","NEIGHBORHOOD","Land Park"
"62ff047e9612f003262eafaf","Sacramento","NEIGHBORHOOD","Lawrence Park"
"62ff047e9612f003262eafad","Sacramento","NEIGHBORHOOD","Little Pocket"
"62ff047f9612f003262eafb7","Sacramento","NEIGHBORHOOD","Mangan Park"
"62ff047e9612f003262eaf8a","Sacramento","NEIGHBORHOOD","Mansion Flats"
"62ff047e9612f003262eaf91","Sacramento","NEIGHBORHOOD","Marshall School"
"62ff047f9612f003262eafc2","Sacramento","NEIGHBORHOOD","Meadowview"
"62ff047e9612f003262eaf9e","Sacramento","NEIGHBORHOOD","Med Center"
"62ff047e9612f003262eaf77","Sacramento","NEIGHBORHOOD","Metro Center"
"62ff047e9612f003262eaf92","Sacramento","NEIGHBORHOOD","Midtown / Winn Park / Capital Avenue"
"62ff047f9612f003262eafc9","Sacramento","NEIGHBORHOOD","Morrison Creek"
"62ff047e9612f003262eaf7e","Sacramento","NEIGHBORHOOD","Natomas Corporate Center"
"62ff047e9612f003262eaf51","Sacramento","NEIGHBORHOOD","Natomas Creek"
"62ff047e9612f003262eaf64","Sacramento","NEIGHBORHOOD","Natomas Crossing"
"62ff047f9612f003262eafd1","Sacramento","NEIGHBORHOOD","Natomas Park"
"62ff047f9612f003262eafc7","Sacramento","NEIGHBORHOOD","New Brighton"
"62ff047e9612f003262eaf8c","Sacramento","NEIGHBORHOOD","New Era Park"
"62ff047f9612f003262eafc5","Sacramento","NEIGHBORHOOD","Newton Booth"
"62ff047e9612f003262eaf7a","Sacramento","NEIGHBORHOOD","Noralto"
"62ff047e9612f003262eafa8","Sacramento","NEIGHBORHOOD","North City Farms"
"62ff047e9612f003262eaf9f","Sacramento","NEIGHBORHOOD","North Oak Park"
"62ff047e9612f003262eaf72","Sacramento","NEIGHBORHOOD","Northgate"
"62ff047e9612f003262eaf5c","Sacramento","NEIGHBORHOOD","Northpointe"
"62ff047e9612f003262eaf6c","Sacramento","NEIGHBORHOOD","Norwood I-80"
"62ff047e9612f003262eaf6a","Sacramento","NEIGHBORHOOD","Norwood Tech"
"62ff047e9612f003262eaf69","Sacramento","NEIGHBORHOOD","Oak Knoll"
"62ff047e9612f003262eaf7c","Sacramento","NEIGHBORHOOD","Old North Sacramento"
"62ff047e9612f003262eaf8e","Sacramento","NEIGHBORHOOD","Old Sacramento"
"62ff047e9612f003262eaf65","Sacramento","NEIGHBORHOOD","Parker Homes"
"62ff047f9612f003262eafc1","Sacramento","NEIGHBORHOOD","Parkway"
"62ff047e9612f003262eaf5d","Sacramento","NEIGHBORHOOD","Pell/Main Industrial Park"
"62ff047f9612f003262eafbe","Sacramento","NEIGHBORHOOD","Pocket"
"62ff047e9612f003262eaf84","Sacramento","NEIGHBORHOOD","Point West"
"62ff047f9612f003262eafcb","Sacramento","NEIGHBORHOOD","Power Ridge"
"62ff047e9612f003262eaf5b","Sacramento","NEIGHBORHOOD","RP - Sports Complex"
"62ff047e9612f003262eaf59","Sacramento","NEIGHBORHOOD","Raley Industrial Park"
"62ff047f9612f003262eafcc","Sacramento","NEIGHBORHOOD","Ramona Village"
"62ff047e9612f003262eaf52","Sacramento","NEIGHBORHOOD","Regency Park"
"62ff047e9612f003262eaf76","Sacramento","NEIGHBORHOOD","Richardson Village"
"62ff047e9612f003262eaf97","Sacramento","NEIGHBORHOOD","Richmond Grove"
"62ff047e9612f003262eaf7f","Sacramento","NEIGHBORHOOD","River Gardens"
"62ff047e9612f003262eaf8b","Sacramento","NEIGHBORHOOD","River Park"
"62ff047e9612f003262eaf58","Sacramento","NEIGHBORHOOD","Robla"
"62ff047e9612f003262eafa5","Sacramento","NEIGHBORHOOD","SCC"
"62ff047e9612f003262eaf94","Sacramento","NEIGHBORHOOD","Sierra Oaks"
"62ff047f9612f003262eafb6","Sacramento","NEIGHBORHOOD","South City Farms"
"62ff047e9612f003262eaf73","Sacramento","NEIGHBORHOOD","South Hagginwood"
"62ff047e9612f003262eafa6","Sacramento","NEIGHBORHOOD","South Land Park"
"62ff047e9612f003262eaf6d","Sacramento","NEIGHBORHOOD","South Natomas"
"62ff047e9612f003262eafa7","Sacramento","NEIGHBORHOOD","South Oak Park"
"62ff047f9612f003262eafbd","Sacramento","NEIGHBORHOOD","Southeast Village"
"62ff047e9612f003262eaf85","Sacramento","NEIGHBORHOOD","Southern Pacific / Richards"
"62ff047e9612f003262eaf95","Sacramento","NEIGHBORHOOD","Southside Park"
"62ff047e9612f003262eaf71","Sacramento","NEIGHBORHOOD","Strawberry Manor"
"62ff047e9612f003262eaf5f","Sacramento","NEIGHBORHOOD","Sundance Lake"
"62ff047e9612f003262eaf7b","Sacramento","NEIGHBORHOOD","Swanston Estates"
"62ff047e9612f003262eafa0","Sacramento","NEIGHBORHOOD","Tahoe Park"
"62ff047e9612f003262eafa2","Sacramento","NEIGHBORHOOD","Tahoe Park East"
"62ff047e9612f003262eafaa","Sacramento","NEIGHBORHOOD","Tahoe Park South"
"62ff047e9612f003262eafb0","Sacramento","NEIGHBORHOOD","Tallac Village"
"62ff047e9612f003262eaf99","Sacramento","NEIGHBORHOOD","Upper Land Park"
"62ff047f9612f003262eafc4","Sacramento","NEIGHBORHOOD","Valley Hi / North Laguna"
"62ff047e9612f003262eaf54","Sacramento","NEIGHBORHOOD","Valleyview Acres"
"62ff047e9612f003262eaf53","Sacramento","NEIGHBORHOOD","Village 12"
"62ff047e9612f003262eaf5a","Sacramento","NEIGHBORHOOD","Village 14"
"62ff047e9612f003262eaf5e","Sacramento","NEIGHBORHOOD","Village 5"
"62ff047f9612f003262eafd0","Sacramento","NEIGHBORHOOD","Village 7"
"62ff047e9612f003262eaf62","Sacramento","NEIGHBORHOOD","Village Green"
"62ff047e9612f003262eaf6b","Sacramento","NEIGHBORHOOD","West Del Paso Heights"
"62ff047f9612f003262eafc6","Sacramento","NEIGHBORHOOD","West Tahoe Park"
"62ff047e9612f003262eaf56","Sacramento","NEIGHBORHOOD","Westlake"
"62ff047e9612f003262eaf79","Sacramento","NEIGHBORHOOD","Willowcreek"
"62ff047e9612f003262eaf78","Sacramento","NEIGHBORHOOD","Wills Acres"
"62ff047f9612f003262eafc0","Sacramento","NEIGHBORHOOD","Woodbine"
"62ff047e9612f003262eaf82","Sacramento","NEIGHBORHOOD","Woodlake"
"62ff047e9612f003262eaf61","Sacramento","NEIGHBORHOOD","Youngs Heights"
"62ff047f9612f003262eafc3","Sacramento","NEIGHBORHOOD","Z'berg Park"
"6390eb9c4d6bc53360853bc1","Sacramento","ZIPCODE","94571"
"6390eb9d4d6bc53360853bf8","Sacramento","ZIPCODE","95608"
"6390eb9c4d6bc53360853bc2","Sacramento","ZIPCODE","95610"
"6390eb9c4d6bc53360853bc3","Sacramento","ZIPCODE","95615"
"6390eb9c4d6bc53360853bc4","Sacramento","ZIPCODE","95621"
"6390eb9d4d6bc53360853bfb","Sacramento","ZIPCODE","95624"
"6390eb9c4d6bc53360853bc5","Sacramento","ZIPCODE","95626"
"6390eb9c4d6bc53360853bc6","Sacramento","ZIPCODE","95628"
"6390eb9c4d6bc53360853bc7","Sacramento","ZIPCODE","95630"
"6390eb9c4d6bc53360853bc8","Sacramento","ZIPCODE","95632"
"6390eb9c4d6bc53360853bc9","Sacramento","ZIPCODE","95638"
"6390eb9c4d6bc53360853bca","Sacramento","ZIPCODE","95639"
"6390eb9c4d6bc53360853bcb","Sacramento","ZIPCODE","95640"
"6390eb9c4d6bc53360853bcc","Sacramento","ZIPCODE","95641"
"6390eb9c4d6bc53360853bcd","Sacramento","ZIPCODE","95652"
"6390eb9c4d6bc53360853bce","Sacramento","ZIPCODE","95655"
"6390eb9c4d6bc53360853bcf","Sacramento","ZIPCODE","95660"
"6390eb9d4d6bc53360853bf9","Sacramento","ZIPCODE","95661"
"6390eb9c4d6bc53360853bd0","Sacramento","ZIPCODE","95662"
"6390eb9c4d6bc53360853bd1","Sacramento","ZIPCODE","95670"
"6390eb9c4d6bc53360853bd2","Sacramento","ZIPCODE","95671"
"6390eb9c4d6bc53360853bd3","Sacramento","ZIPCODE","95673"
"6390eb9c4d6bc53360853bd4","Sacramento","ZIPCODE","95678"
"6390eb9c4d6bc53360853bd5","Sacramento","ZIPCODE","95680"
"6390eb9c4d6bc53360853bd6","Sacramento","ZIPCODE","95683"
"6390eb9c4d6bc53360853bd7","Sacramento","ZIPCODE","95690"
"6390eb9d4d6bc53360853bd8","Sacramento","ZIPCODE","95693"
"6390eb9d4d6bc53360853bd9","Sacramento","ZIPCODE","95742"
"6390eb9d4d6bc53360853bda","Sacramento","ZIPCODE","95757"
"6390eb9d4d6bc53360853bdb","Sacramento","ZIPCODE","95758"
"6390eb9d4d6bc53360853bfa","Sacramento","ZIPCODE","95762"
"6390eb9d4d6bc53360853bdc","Sacramento","ZIPCODE","95811"
"6390eb9d4d6bc53360853bdd","Sacramento","ZIPCODE","95814"
"6390eb9d4d6bc53360853bde","Sacramento","ZIPCODE","95815"
"6390eb9d4d6bc53360853bdf","Sacramento","ZIPCODE","95816"
"6390eb9d4d6bc53360853be0","Sacramento","ZIPCODE","95817"
"6390eb9d4d6bc53360853be1","Sacramento","ZIPCODE","95818"
"6390eb9d4d6bc53360853be2","Sacramento","ZIPCODE","95819"
"6390eb9d4d6bc53360853bf7","Sacramento","ZIPCODE","95820"
"6390eb9d4d6bc53360853be3","Sacramento","ZIPCODE","95821"
"6390eb9d4d6bc53360853be4","Sacramento","ZIPCODE","95822"
"6390eb9d4d6bc53360853be5","Sacramento","ZIPCODE","95823"
"6390eb9d4d6bc53360853be6","Sacramento","ZIPCODE","95824"
"6390eb9d4d6bc53360853be7","Sacramento","ZIPCODE","95825"
"6390eb9d4d6bc53360853be8","Sacramento","ZIPCODE","95826"
"6390eb9d4d6bc53360853be9","Sacramento","ZIPCODE","95827"
"6390eb9d4d6bc53360853bfc","Sacramento","ZIPCODE","95828"
"6390eb9d4d6bc53360853bfd","Sacramento","ZIPCODE","95829"
"6390eb9d4d6bc53360853bea","Sacramento","ZIPCODE","95830"
"6390eb9d4d6bc53360853beb","Sacramento","ZIPCODE","95831"
"6390eb9d4d6bc53360853bec","Sacramento","ZIPCODE","95832"
"6390eb9d4d6bc53360853bed","Sacramento","ZIPCODE","95833"
"6390eb9d4d6bc53360853bee","Sacramento","ZIPCODE","95834"
"6390eb9d4d6bc53360853bef","Sacramento","ZIPCODE","95835"
"6390eb9d4d6bc53360853bf0","Sacramento","ZIPCODE","95836"
"6390eb9d4d6bc53360853bf1","Sacramento","ZIPCODE","95837"
"6390eb9d4d6bc53360853bf2","Sacramento","ZIPCODE","95838"
"6390eb9d4d6bc53360853bf3","Sacramento","ZIPCODE","95841"
"6390eb9d4d6bc53360853bf4","Sacramento","ZIPCODE","95842"
"6390eb9d4d6bc53360853bf5","Sacramento","ZIPCODE","95843"
"6390eb9d4d6bc53360853bf6","Sacramento","ZIPCODE","95864"
"63a0c582f6320e88cb02ead4","San Francisco,San Mateo","NEIGHBORHOOD","Bayshore"
"63a0c582f6320e88cb02ead5","San Francisco,San Mateo","NEIGHBORHOOD","Crocker"
"63a0c587f6320e88cb02eb1e","San Francisco,San Mateo","NEIGHBORHOOD","Crocker Amazon"
"63a0c587f6320e88cb02eb40","San Francisco,San Mateo","NEIGHBORHOOD","Lakeshore"
"63a0c586f6320e88cb02eae3","San Francisco,San Mateo","NEIGHBORHOOD","Little Hollywood"
"63a0c582f6320e88cb02ead6","San Francisco,San Mateo","NEIGHBORHOOD","Original Daly City"
"63a0c586f6320e88cb02eb0d","San Francisco,San Mateo","NEIGHBORHOOD","Outer Mission"
"63a0c582f6320e88cb02ead7","San Francisco,San Mateo","NEIGHBORHOOD","Southern Hills"
"63a0c586f6320e88cb02eb03","San Francisco,San Mateo","NEIGHBORHOOD","Sunnydale"
"63a0c587f6320e88cb02eb20","San Francisco","NEIGHBORHOOD","Alamo Square"
"63a0c587f6320e88cb02eb44","San Francisco","NEIGHBORHOOD","Anza Vista"
"63a0c587f6320e88cb02eb32","San Francisco","NEIGHBORHOOD","Apparel City"
"63a0c587f6320e88cb02eb37","San Francisco","NEIGHBORHOOD","Aquatic Park - Fort Mason"
"63a0c586f6320e88cb02eaf4","San Francisco","NEIGHBORHOOD","Ashbury Heights"
"63a0c586f6320e88cb02eb14","San Francisco","NEIGHBORHOOD","Balboa Terrace"
"63a0c587f6320e88cb02eb1c","San Francisco","NEIGHBORHOOD","Bayview"
"63a0c586f6320e88cb02eb0b","San Francisco","NEIGHBORHOOD","Bernal Heights"
"63a0c587f6320e88cb02eb42","San Francisco","NEIGHBORHOOD","Bret Harte"
"63a0c586f6320e88cb02eaf5","San Francisco","NEIGHBORHOOD","Buena Vista"
"63a0c586f6320e88cb02eb06","San Francisco","NEIGHBORHOOD","Candlestick Point State Recreation Area"
"63a0c586f6320e88cb02eaec","San Francisco","NEIGHBORHOOD","Castro"
"63a0c586f6320e88cb02eb05","San Francisco","NEIGHBORHOOD","Cathedral Hill"
"63a0c587f6320e88cb02eb29","San Francisco","NEIGHBORHOOD","Cayuga"
"63a0c586f6320e88cb02ead8","San Francisco","NEIGHBORHOOD","Central Waterfront"
"63a0c586f6320e88cb02eaf0","San Francisco","NEIGHBORHOOD","Chinatown"
"63a0c586f6320e88cb02eadc","San Francisco","NEIGHBORHOOD","Civic Center"
"63a0c586f6320e88cb02eafb","San Francisco","NEIGHBORHOOD","Clarendon Heights"
"63a0c586f6320e88cb02eadd","San Francisco","NEIGHBORHOOD","Cole Valley"
"63a0c586f6320e88cb02eb04","San Francisco","NEIGHBORHOOD","Corona Heights"
"63a0c587f6320e88cb02eb1d","San Francisco","NEIGHBORHOOD","Cow Hollow"
"63a0c586f6320e88cb02eb07","San Francisco","NEIGHBORHOOD","Diamond Heights"
"63a0c586f6320e88cb02eaf6","San Francisco","NEIGHBORHOOD","Dogpatch"
"63a0c586f6320e88cb02eaea","San Francisco","NEIGHBORHOOD","Dolores Heights"
"63a0c586f6320e88cb02eb00","San Francisco","NEIGHBORHOOD","Downtown San Francisco - Union Square"
"63a0c586f6320e88cb02eae6","San Francisco","NEIGHBORHOOD","Duboce Triangle"
"63a0c587f6320e88cb02eb3e","San Francisco","NEIGHBORHOOD","Eureka Valley"
"63a0c586f6320e88cb02eb17","San Francisco","NEIGHBORHOOD","Excelsior"
"63a0c588f6320e88cb02eb46","San Francisco","NEIGHBORHOOD","Financial District"
"63a0c586f6320e88cb02eb13","San Francisco","NEIGHBORHOOD","Fishermans Wharf"
"63a0c587f6320e88cb02eb3c","San Francisco","NEIGHBORHOOD","Forest Hill"
"63a0c586f6320e88cb02eaf8","San Francisco","NEIGHBORHOOD","Forest Knolls"
"63a0c587f6320e88cb02eb31","San Francisco","NEIGHBORHOOD","Glen Park"
"63a0c586f6320e88cb02eaef","San Francisco","NEIGHBORHOOD","Golden Gate Heights"
"63a0c587f6320e88cb02eb35","San Francisco","NEIGHBORHOOD","Golden Gate Park"
"63a0c586f6320e88cb02eaf1","San Francisco","NEIGHBORHOOD","Haight Ashbury"
"63a0c587f6320e88cb02eb2f","San Francisco","NEIGHBORHOOD","Hayes Valley"
"63a0c586f6320e88cb02eae7","San Francisco","NEIGHBORHOOD","Hunters Point"
"63a0c587f6320e88cb02eb2a","San Francisco","NEIGHBORHOOD","India Basin"
"63a0c586f6320e88cb02eaf3","San Francisco","NEIGHBORHOOD","Ingleside"
"63a0c586f6320e88cb02eade","San Francisco","NEIGHBORHOOD","Ingleside Heights"
"63a0c586f6320e88cb02eafa","San Francisco","NEIGHBORHOOD","Ingleside Terraces"
"63a0c586f6320e88cb02eafe","San Francisco","NEIGHBORHOOD","Inner Richmond"
"63a0c586f6320e88cb02eb0c","San Francisco","NEIGHBORHOOD","Inner Sunset"
"63a0c587f6320e88cb02eb26","San Francisco","NEIGHBORHOOD","Japantown"
"63a0c587f6320e88cb02eb39","San Francisco","NEIGHBORHOOD","Laguna Honda"
"63a0c587f6320e88cb02eb41","San Francisco","NEIGHBORHOOD","Lake Street"
"63a0c589f6320e88cb02eb48","San Francisco","NEIGHBORHOOD","Lakeshore Acres"
"63a0c589f6320e88cb02eb49","San Francisco","NEIGHBORHOOD","Lakeside"
"63a0c586f6320e88cb02eadb","San Francisco","NEIGHBORHOOD","Laurel Heights - Jordan Park"
"63a0c586f6320e88cb02eae9","San Francisco","NEIGHBORHOOD","Lincoln Park - Fort Miley"
"63a0c586f6320e88cb02eada","San Francisco","NEIGHBORHOOD","Lone Mountain"
"63a0c586f6320e88cb02eb11","San Francisco","NEIGHBORHOOD","Lower Haight"
"63a0c586f6320e88cb02eb0f","San Francisco","NEIGHBORHOOD","Lower Nob Hill"
"63a0c586f6320e88cb02eb0a","San Francisco","NEIGHBORHOOD","Lower Pacific Heights"
"63a0c587f6320e88cb02eb36","San Francisco","NEIGHBORHOOD","Marina District"
"63a0c587f6320e88cb02eb25","San Francisco","NEIGHBORHOOD","McLaren Park"
"63a0c589f6320e88cb02eb4a","San Francisco","NEIGHBORHOOD","Merced Heights"
"63a0c587f6320e88cb02eb21","San Francisco","NEIGHBORHOOD","Merced Manor"
"63a0c586f6320e88cb02eaff","San Francisco","NEIGHBORHOOD","Midtown Terrace"
"63a0c587f6320e88cb02eb23","San Francisco","NEIGHBORHOOD","Mint Hill"
"63a0c586f6320e88cb02eae1","San Francisco","NEIGHBORHOOD","Miraloma Park"
"63a0c586f6320e88cb02eb08","San Francisco","NEIGHBORHOOD","Mission Bay"
"63a0c586f6320e88cb02eb01","San Francisco","NEIGHBORHOOD","Mission District"
"63a0c586f6320e88cb02eb18","San Francisco","NEIGHBORHOOD","Mission Dolores"
"63a0c587f6320e88cb02eb1f","San Francisco","NEIGHBORHOOD","Mission Terrace"
"63a0c587f6320e88cb02eb3a","San Francisco","NEIGHBORHOOD","Monterey Heights"
"63a0c587f6320e88cb02eb3f","San Francisco","NEIGHBORHOOD","Mt. Davidson Manor"
"63a0c587f6320e88cb02eb33","San Francisco","NEIGHBORHOOD","Nob Hill"
"63a0c586f6320e88cb02eaf9","San Francisco","NEIGHBORHOOD","Noe Valley"
"63a0c586f6320e88cb02eaeb","San Francisco","NEIGHBORHOOD","North Beach"
"63a0c586f6320e88cb02eaf7","San Francisco","NEIGHBORHOOD","Northern Waterfront"
"63a0c586f6320e88cb02eaf2","San Francisco","NEIGHBORHOOD","Oceanview"
"63a0c587f6320e88cb02eb27","San Francisco","NEIGHBORHOOD","Outer Richmond"
"63a0c586f6320e88cb02eb09","San Francisco","NEIGHBORHOOD","Outer Sunset"
"63a0c586f6320e88cb02eadf","San Francisco","NEIGHBORHOOD","Pacific Heights"
"63a0c586f6320e88cb02eb0e","San Francisco","NEIGHBORHOOD","Panhandle"
"63a0c586f6320e88cb02eaee","San Francisco","NEIGHBORHOOD","Parkmerced"
"63a0c586f6320e88cb02eafd","San Francisco","NEIGHBORHOOD","Parkside"
"63a0c587f6320e88cb02eb43","San Francisco","NEIGHBORHOOD","Parnassus Heights"
"63a0c586f6320e88cb02eaed","San Francisco","NEIGHBORHOOD","Polk Gulch"
"63a0c587f6320e88cb02eb28","San Francisco","NEIGHBORHOOD","Portola"
"63a0c587f6320e88cb02eb1a","San Francisco","NEIGHBORHOOD","Potrero Hill"
"63a0c586f6320e88cb02eae4","San Francisco","NEIGHBORHOOD","Presidio Heights"
"63a0c587f6320e88cb02eb34","San Francisco","NEIGHBORHOOD","Presidio National Park"
"63a0c587f6320e88cb02eb24","San Francisco","NEIGHBORHOOD","Presidio Terrace"
"63a0c586f6320e88cb02eb15","San Francisco","NEIGHBORHOOD","Produce Market"
"63a0c586f6320e88cb02eafc","San Francisco","NEIGHBORHOOD","Russian Hill"
"63a0c586f6320e88cb02eae5","San Francisco","NEIGHBORHOOD","Saint Francis Wood"
"63a0c587f6320e88cb02eb30","San Francisco","NEIGHBORHOOD","Seacliff"
"63a0c587f6320e88cb02eb2d","San Francisco","NEIGHBORHOOD","Sherwood Forest"
"63a0c587f6320e88cb02eb38","San Francisco","NEIGHBORHOOD","Showplace Square"
"63a0c586f6320e88cb02eae0","San Francisco","NEIGHBORHOOD","Silver Terrace"
"63a0c588f6320e88cb02eb45","San Francisco","NEIGHBORHOOD","South Beach"
"63a0c587f6320e88cb02eb2e","San Francisco","NEIGHBORHOOD","Stonestown"
"63a0c586f6320e88cb02eb10","San Francisco","NEIGHBORHOOD","Sunnyside"
"63a0c587f6320e88cb02eb3b","San Francisco","NEIGHBORHOOD","Sutro Heights"
"63a0c587f6320e88cb02eb3d","San Francisco","NEIGHBORHOOD","Telegraph Hill"
"63a0c586f6320e88cb02eb12","San Francisco","NEIGHBORHOOD","Tenderloin"
"63a0c586f6320e88cb02ead9","San Francisco","NEIGHBORHOOD","Treasure Island"
"63a0c586f6320e88cb02eae2","San Francisco","NEIGHBORHOOD","Union Street"
"63a0c586f6320e88cb02eb16","San Francisco","NEIGHBORHOOD","University Mound"
"63a0c587f6320e88cb02eb1b","San Francisco","NEIGHBORHOOD","Upper Market"
"63a0c586f6320e88cb02eae8","San Francisco","NEIGHBORHOOD","Visitacion Valley"
"63a0c587f6320e88cb02eb2b","San Francisco","NEIGHBORHOOD","West Portal"
"63a0c586f6320e88cb02eb02","San Francisco","NEIGHBORHOOD","Western Addition"
"63a0c589f6320e88cb02eb47","San Francisco","NEIGHBORHOOD","Western South of Market"
"63a0c586f6320e88cb02eb19","San Francisco","NEIGHBORHOOD","Westwood Highlands"
"63a0c587f6320e88cb02eb2c","San Francisco","NEIGHBORHOOD","Westwood Park"
"63a0c587f6320e88cb02eb22","San Francisco","NEIGHBORHOOD","Yerba Buena Island"
"63a0c58df6320e88cb02eb55","San Francisco","ZIPCODE","94102"
"63a0c58ef6320e88cb02eb65","San Francisco","ZIPCODE","94103"
"63a0c58bf6320e88cb02eb4b","San Francisco","ZIPCODE","94104"
"63a0c58ef6320e88cb02eb63","San Francisco","ZIPCODE","94105"
"63a0c58df6320e88cb02eb54","San Francisco","ZIPCODE","94107"
"63a0c58ef6320e88cb02eb58","San Francisco","ZIPCODE","94108"
"63a0c58ef6320e88cb02eb57","San Francisco","ZIPCODE","94109"
"63a0c58cf6320e88cb02eb4e","San Francisco","ZIPCODE","94110"
"63a0c58cf6320e88cb02eb51","San Francisco","ZIPCODE","94111"
"63a0c58ef6320e88cb02eb59","San Francisco","ZIPCODE","94112"
"63a0c58ef6320e88cb02eb5a","San Francisco","ZIPCODE","94114"
"63a0c58ef6320e88cb02eb5b","San Francisco","ZIPCODE","94115"
"63a0c58ef6320e88cb02eb5c","San Francisco","ZIPCODE","94116"
"63a0c58ef6320e88cb02eb64","San Francisco","ZIPCODE","94117"
"63a0c58ef6320e88cb02eb5d","San Francisco","ZIPCODE","94118"
"63a0c58df6320e88cb02eb56","San Francisco","ZIPCODE","94121"
"63a0c58cf6320e88cb02eb4f","San Francisco","ZIPCODE","94122"
"63a0c58cf6320e88cb02eb52","San Francisco","ZIPCODE","94123"
"63a0c58df6320e88cb02eb53","San Francisco","ZIPCODE","94124"
"63a0c58ef6320e88cb02eb62","San Francisco","ZIPCODE","94127"
"63a0c58ef6320e88cb02eb5e","San Francisco","ZIPCODE","94129"
"63a0c58cf6320e88cb02eb50","San Francisco","ZIPCODE","94130"
"63a0c58ef6320e88cb02eb66","San Francisco","ZIPCODE","94131"
"63a0c58ef6320e88cb02eb5f","San Francisco","ZIPCODE","94132"
"63a0c58ef6320e88cb02eb60","San Francisco","ZIPCODE","94133"
"63a0c58ef6320e88cb02eb61","San Francisco","ZIPCODE","94134"
"63a0c58cf6320e88cb02eb4d","San Francisco","ZIPCODE","94158"
"63a0c58bf6320e88cb02eb4c","San Francisco","ZIPCODE","94188"
"63a0c5a0f6320e88cb02ebed","San Mateo","NEIGHBORHOOD","Alder Manor"
"63a0c593f6320e88cb02eb77","San Mateo","NEIGHBORHOOD","Allied Arts"
"63a0c59ef6320e88cb02ebbd","San Mateo","NEIGHBORHOOD","Aragon"
"63a0c5a2f6320e88cb02ec06","San Mateo","NEIGHBORHOOD","Arleta Park"
"63a0c5a5f6320e88cb02ec17","San Mateo","NEIGHBORHOOD","Atherton Oaks"
"63a0c59af6320e88cb02eba3","San Mateo","NEIGHBORHOOD","Avalon"
"63a0c5a6f6320e88cb02ec2a","San Mateo","NEIGHBORHOOD","Bair Island"
"63a0c59df6320e88cb02ebb4","San Mateo","NEIGHBORHOOD","Bay Vista"
"63a0c59ff6320e88cb02ebcf","San Mateo","NEIGHBORHOOD","Bayfront"
"63a0c5a6f6320e88cb02ec28","San Mateo","NEIGHBORHOOD","Bayfront"
"63a0c59ff6320e88cb02ebcc","San Mateo","NEIGHBORHOOD","Bayhill"
"63a0c59cf6320e88cb02ebb0","San Mateo","NEIGHBORHOOD","Baylands"
"63a0c59ff6320e88cb02ebdb","San Mateo","NEIGHBORHOOD","Baywood"
"63a0c5a5f6320e88cb02ec1f","San Mateo","NEIGHBORHOOD","Baywood Knolls"
"63a0c597f6320e88cb02eb96","San Mateo","NEIGHBORHOOD","Baywood Park"
"63a0c5a0f6320e88cb02ebe1","San Mateo","NEIGHBORHOOD","Belle Air Park"
"63a0c593f6320e88cb02eb78","San Mateo","NEIGHBORHOOD","Belle Haven"
"63a0c5a3f6320e88cb02ec0d","San Mateo","NEIGHBORHOOD","Belmont Country Club"
"63a0c59ff6320e88cb02ebdc","San Mateo","NEIGHBORHOOD","Belmont Heights"
"63a0c5a3f6320e88cb02ec0a","San Mateo","NEIGHBORHOOD","Beresford Manor"
"63a0c5a0f6320e88cb02ebea","San Mateo","NEIGHBORHOOD","Beverly Terrace"
"63a0c5a5f6320e88cb02ec21","San Mateo","NEIGHBORHOOD","Bowie Estate"
"63a0c5a2f6320e88cb02ebfa","San Mateo","NEIGHBORHOOD","Brewer - Upland"
"63a0c5a2f6320e88cb02ec02","San Mateo","NEIGHBORHOOD","Broadmoor"
"63a0c592f6320e88cb02eb73","San Mateo","NEIGHBORHOOD","Burlingables"
"63a0c592f6320e88cb02eb69","San Mateo","NEIGHBORHOOD","Burlingame Gardens"
"63a0c592f6320e88cb02eb6a","San Mateo","NEIGHBORHOOD","Burlingame Grove"
"63a0c592f6320e88cb02eb6b","San Mateo","NEIGHBORHOOD","Burlingame Hills"
"63a0c592f6320e88cb02eb6c","San Mateo","NEIGHBORHOOD","Burlingame Park"
"63a0c592f6320e88cb02eb6d","San Mateo","NEIGHBORHOOD","Burlingame Terrace"
"63a0c592f6320e88cb02eb6e","San Mateo","NEIGHBORHOOD","Burlingame Village"
"63a0c5a6f6320e88cb02ec2e","San Mateo","NEIGHBORHOOD","Canyon"
"63a0c5a5f6320e88cb02ec13","San Mateo","NEIGHBORHOOD","Capuchino"
"63a0c59df6320e88cb02ebb2","San Mateo","NEIGHBORHOOD","Carmel Village"
"63a0c5a2f6320e88cb02ebf4","San Mateo","NEIGHBORHOOD","Carolands"
"63a0c594f6320e88cb02eb88","San Mateo","NEIGHBORHOOD","Centennial"
"63a0c5a0f6320e88cb02ebe7","San Mateo","NEIGHBORHOOD","Central"
"63a0c59cf6320e88cb02ebad","San Mateo","NEIGHBORHOOD","Central Brisbane"
"63a0c59cf6320e88cb02ebac","San Mateo","NEIGHBORHOOD","Central Menlo"
"63a0c594f6320e88cb02eb84","San Mateo","NEIGHBORHOOD","Central Portola Valley"
"63a0c5a6f6320e88cb02ec2b","San Mateo","NEIGHBORHOOD","Central Redwood City"
"63a0c5a0f6320e88cb02ebec","San Mateo","NEIGHBORHOOD","Clearfield Park"
"63a0c5a1f6320e88cb02ebf0","San Mateo","NEIGHBORHOOD","Clifford Heights"
"63a0c5a2f6320e88cb02ec03","San Mateo","NEIGHBORHOOD","Colma"
"63a0c5a0f6320e88cb02ebee","San Mateo","NEIGHBORHOOD","Cordes"
"63a0c5a0f6320e88cb02ebe3","San Mateo","NEIGHBORHOOD","Costal"
"63a0c5a2f6320e88cb02ebfe","San Mateo","NEIGHBORHOOD","Country Club Manor"
"63a0c594f6320e88cb02eb83","San Mateo","NEIGHBORHOOD","Crescent Park"
"63a0c59ef6320e88cb02ebbf","San Mateo","NEIGHBORHOOD","Crestmoor"
"63a0c59cf6320e88cb02ebae","San Mateo","NEIGHBORHOOD","Crocker Park"
"63a0c59df6320e88cb02ebba","San Mateo","NEIGHBORHOOD","Dolphin Bay"
"63a0c59ef6320e88cb02ebbe","San Mateo","NEIGHBORHOOD","Downtown Belmont"
"63a0c592f6320e88cb02eb6f","San Mateo","NEIGHBORHOOD","Downtown Burlingame"
"63a0c593f6320e88cb02eb79","San Mateo","NEIGHBORHOOD","Downtown Menlo Park"
"63a0c5a6f6320e88cb02ec25","San Mateo","NEIGHBORHOOD","Downtown Millbrae"
"63a0c5a6f6320e88cb02ec29","San Mateo","NEIGHBORHOOD","Downtown Redwood City"
"63a0c5a5f6320e88cb02ec20","San Mateo","NEIGHBORHOOD","Downtown San Mateo"
"63a0c59af6320e88cb02eba4","San Mateo","NEIGHBORHOOD","Downtown South San Francisco"
"63a0c5a6f6320e88cb02ec2d","San Mateo","NEIGHBORHOOD","Eagle Hill"
"63a0c59ff6320e88cb02ebd5","San Mateo","NEIGHBORHOOD","East Belmont"
"63a0c59ff6320e88cb02ebd2","San Mateo","NEIGHBORHOOD","East Edgemar - Pacific Manor"
"63a0c59ff6320e88cb02ebcb","San Mateo","NEIGHBORHOOD","East Fairway Park - Vallemar - Rockaway"
"63a0c5a5f6320e88cb02ec16","San Mateo","NEIGHBORHOOD","East Palo Alto"
"63a0c59ff6320e88cb02ebce","San Mateo","NEIGHBORHOOD","East Sharp Park"
"63a0c59af6320e88cb02ebaa","San Mateo","NEIGHBORHOOD","East of 101"
"63a0c592f6320e88cb02eb70","San Mateo","NEIGHBORHOOD","Easton Addition"
"63a0c59ff6320e88cb02ebd6","San Mateo","NEIGHBORHOOD","Edgewater Isle"
"63a0c5a2f6320e88cb02ec00","San Mateo","NEIGHBORHOOD","Edgewood Park"
"63a0c5a2f6320e88cb02ec09","San Mateo","NEIGHBORHOOD","El Cerrito"
"63a0c5a1f6320e88cb02ebf1","San Mateo","NEIGHBORHOOD","El Sereno"
"63a0c5a0f6320e88cb02ebeb","San Mateo","NEIGHBORHOOD","Emerald Hills"
"63a0c5a1f6320e88cb02ebf2","San Mateo","NEIGHBORHOOD","Emerald Lake"
"63a0c59af6320e88cb02eb9c","San Mateo","NEIGHBORHOOD","Fairmont"
"63a0c59ef6320e88cb02ebc3","San Mateo","NEIGHBORHOOD","Fairmont West"
"63a0c594f6320e88cb02eb89","San Mateo","NEIGHBORHOOD","Farm Hill"
"63a0c59ff6320e88cb02ebc9","San Mateo","NEIGHBORHOOD","Fiesta Gardens"
"63a0c593f6320e88cb02eb80","San Mateo","NEIGHBORHOOD","Flood Park Triangle"
"63a0c5a5f6320e88cb02ec24","San Mateo","NEIGHBORHOOD","Foothill Terrace"
"63a0c592f6320e88cb02eb75","San Mateo","NEIGHBORHOOD","Foster City Town Center"
"63a0c594f6320e88cb02eb8a","San Mateo","NEIGHBORHOOD","Friendly Acres"
"63a0c59ff6320e88cb02ebdd","San Mateo","NEIGHBORHOOD","Gateway"
"63a0c59ff6320e88cb02ebda","San Mateo","NEIGHBORHOOD","Golden Gate National Cemetery"
"63a0c5a2f6320e88cb02ec08","San Mateo","NEIGHBORHOOD","Granada Highlands"
"63a0c5a2f6320e88cb02ec01","San Mateo","NEIGHBORHOOD","Green Hills"
"63a0c59df6320e88cb02ebb9","San Mateo","NEIGHBORHOOD","Harbor Side"
"63a0c59ef6320e88cb02ebc6","San Mateo","NEIGHBORHOOD","Harbor Town"
"63a0c597f6320e88cb02eb97","San Mateo","NEIGHBORHOOD","Hayward Park"
"63a0c5a5f6320e88cb02ec23","San Mateo","NEIGHBORHOOD","Highlands"
"63a0c5a2f6320e88cb02ebfb","San Mateo","NEIGHBORHOOD","Hillsborough Heights"
"63a0c5a2f6320e88cb02ebf6","San Mateo","NEIGHBORHOOD","Hillsborough Hills"
"63a0c5a2f6320e88cb02ebfc","San Mateo","NEIGHBORHOOD","Hillsborough Knolls"
"63a0c5a2f6320e88cb02ebf9","San Mateo","NEIGHBORHOOD","Hillsborough Park"
"63a0c595f6320e88cb02eb92","San Mateo","NEIGHBORHOOD","Hillside"
"63a0c5a2f6320e88cb02ebfd","San Mateo","NEIGHBORHOOD","Homeplace"
"63a0c5a3f6320e88cb02ec0c","San Mateo","NEIGHBORHOOD","Homestead Husing"
"63a0c5a0f6320e88cb02ebe4","San Mateo","NEIGHBORHOOD","Homeview"
"63a0c5a5f6320e88cb02ec18","San Mateo","NEIGHBORHOOD","Horgan Ranch"
"63a0c5a1f6320e88cb02ebef","San Mateo","NEIGHBORHOOD","Howard Park"
"63a0c5a3f6320e88cb02ec0f","San Mateo","NEIGHBORHOOD","Huntington Park"
"63a0c59df6320e88cb02ebb3","San Mateo","NEIGHBORHOOD","Isle Cove"
"63a0c5a5f6320e88cb02ec15","San Mateo","NEIGHBORHOOD","Ladera"
"63a0c5a2f6320e88cb02ebf3","San Mateo","NEIGHBORHOOD","Lakeview"
"63a0c5a2f6320e88cb02ec05","San Mateo","NEIGHBORHOOD","Laurelwood"
"63a0c5a5f6320e88cb02ec1b","San Mateo","NEIGHBORHOOD","Lauriedale"
"63a0c59af6320e88cb02eba0","San Mateo","NEIGHBORHOOD","Linda Mar"
"63a0c59af6320e88cb02eba8","San Mateo","NEIGHBORHOOD","Lindenville"
"63a0c591f6320e88cb02eb67","San Mateo","NEIGHBORHOOD","Lindenwood"
"63a0c593f6320e88cb02eb7b","San Mateo","NEIGHBORHOOD","Linfield Oaks"
"63a0c591f6320e88cb02eb68","San Mateo","NEIGHBORHOOD","Lloyden Park"
"63a0c5a2f6320e88cb02ec04","San Mateo","NEIGHBORHOOD","Lomita Hills"
"63a0c5a0f6320e88cb02ebde","San Mateo","NEIGHBORHOOD","Lomita Park"
"63a0c59ef6320e88cb02ebbb","San Mateo","NEIGHBORHOOD","Los Prados"
"63a0c592f6320e88cb02eb71","San Mateo","NEIGHBORHOOD","Lyon Hoag"
"63a0c59df6320e88cb02ebb8","San Mateo","NEIGHBORHOOD","Marina Point"
"63a0c5a5f6320e88cb02ec1d","San Mateo","NEIGHBORHOOD","Mariners Isle"
"63a0c5a0f6320e88cb02ebe0","San Mateo","NEIGHBORHOOD","McDougal"
"63a0c593f6320e88cb02eb7c","San Mateo","NEIGHBORHOOD","Menlo Oaks"
"63a0c5a5f6320e88cb02ec14","San Mateo","NEIGHBORHOOD","Millbrae Meadows"
"63a0c592f6320e88cb02eb72","San Mateo","NEIGHBORHOOD","Mills Estates"
"63a0c5a0f6320e88cb02ebe6","San Mateo","NEIGHBORHOOD","Mills Park"
"63a0c59ef6320e88cb02ebbc","San Mateo","NEIGHBORHOOD","Monte Verde"
"63a0c5a6f6320e88cb02ec2c","San Mateo","NEIGHBORHOOD","Mt. Carmel"
"63a0c59ff6320e88cb02ebd1","San Mateo","NEIGHBORHOOD","North Burlingame - Rollins Road"
"63a0c593f6320e88cb02eb7a","San Mateo","NEIGHBORHOOD","North Fair Oaks"
"63a0c59ef6320e88cb02ebc7","San Mateo","NEIGHBORHOOD","North Shoreview"
"63a0c59ff6320e88cb02ebca","San Mateo","NEIGHBORHOOD","Northwest Bayshore"
"63a0c59af6320e88cb02eba7","San Mateo","NEIGHBORHOOD","Orange Park"
"63a0c59af6320e88cb02eba9","San Mateo","NEIGHBORHOOD","Oyster Point"
"63a0c59ef6320e88cb02ebc2","San Mateo","NEIGHBORHOOD","Pacific Heights"
"63a0c594f6320e88cb02eb8b","San Mateo","NEIGHBORHOOD","Palm Park"
"63a0c59af6320e88cb02eba6","San Mateo","NEIGHBORHOOD","Paradise Valley - Terrabay"
"63a0c5a6f6320e88cb02ec27","San Mateo","NEIGHBORHOOD","Park Forest - Spruce - San Antonio"
"63a0c59af6320e88cb02eb9e","San Mateo","NEIGHBORHOOD","Park Pacifica"
"63a0c5a3f6320e88cb02ec0e","San Mateo","NEIGHBORHOOD","Parkside San Mateo"
"63a0c5a2f6320e88cb02ebf8","San Mateo","NEIGHBORHOOD","Parrot Drive Area"
"63a0c59af6320e88cb02eb9f","San Mateo","NEIGHBORHOOD","Pedro Point - Shelter Cove"
"63a0c59ff6320e88cb02ebd4","San Mateo","NEIGHBORHOOD","Portola Highlands"
"63a0c594f6320e88cb02eb86","San Mateo","NEIGHBORHOOD","Portola Valley Ranch"
"63a0c592f6320e88cb02eb74","San Mateo","NEIGHBORHOOD","Ray Park"
"63a0c594f6320e88cb02eb8c","San Mateo","NEIGHBORHOOD","Redwood Oaks"
"63a0c594f6320e88cb02eb8d","San Mateo","NEIGHBORHOOD","Redwood Shores"
"63a0c594f6320e88cb02eb8e","San Mateo","NEIGHBORHOOD","Redwood Village"
"63a0c59ef6320e88cb02ebc8","San Mateo","NEIGHBORHOOD","Rollingwood"
"63a0c594f6320e88cb02eb8f","San Mateo","NEIGHBORHOOD","Roosevelt"
"63a0c5a2f6320e88cb02ebff","San Mateo","NEIGHBORHOOD","Ryan"
"63a0c59ef6320e88cb02ebc1","San Mateo","NEIGHBORHOOD","San Bruno Park"
"63a0c59af6320e88cb02ebab","San Mateo","NEIGHBORHOOD","San Francisco International Airport"
"63a0c59ff6320e88cb02ebd8","San Mateo","NEIGHBORHOOD","San Mateo Highlands"
"63a0c5a4f6320e88cb02ec11","San Mateo","NEIGHBORHOOD","San Mateo Knolls"
"63a0c597f6320e88cb02eb98","San Mateo","NEIGHBORHOOD","San Mateo Park"
"63a0c5a5f6320e88cb02ec1c","San Mateo","NEIGHBORHOOD","San Mateo Terrace"
"63a0c5a0f6320e88cb02ebe5","San Mateo","NEIGHBORHOOD","San Mateo Village"
"63a0c597f6320e88cb02eb99","San Mateo","NEIGHBORHOOD","San Mateo Woods"
"63a0c59df6320e88cb02ebb6","San Mateo","NEIGHBORHOOD","Sea Colony"
"63a0c596f6320e88cb02eb93","San Mateo","NEIGHBORHOOD","Serramonte"
"63a0c593f6320e88cb02eb7d","San Mateo","NEIGHBORHOOD","Sharon Height"
"63a0c59cf6320e88cb02ebb1","San Mateo","NEIGHBORHOOD","Sierra Point"
"63a0c59af6320e88cb02eba5","San Mateo","NEIGHBORHOOD","Sign Hill"
"63a0c5a2f6320e88cb02ebf5","San Mateo","NEIGHBORHOOD","Skyfarm"
"63a0c59ff6320e88cb02ebd3","San Mateo","NEIGHBORHOOD","South Airport"
"63a0c5a5f6320e88cb02ec1e","San Mateo","NEIGHBORHOOD","South Shoreview"
"63a0c593f6320e88cb02eb7e","San Mateo","NEIGHBORHOOD","South of Seminary - Vintage Oaks"
"63a0c5a0f6320e88cb02ebe8","San Mateo","NEIGHBORHOOD","Southeast Bayshore"
"63a0c59ef6320e88cb02ebc0","San Mateo","NEIGHBORHOOD","Southwest Bayshore"
"63a0c5a2f6320e88cb02ec07","San Mateo","NEIGHBORHOOD","Spanishtown South"
"63a0c596f6320e88cb02eb94","San Mateo","NEIGHBORHOOD","St. Francis Heights"
"63a0c5a5f6320e88cb02ec12","San Mateo","NEIGHBORHOOD","Stanford"
"63a0c593f6320e88cb02eb7f","San Mateo","NEIGHBORHOOD","Stanford Hills"
"63a0c594f6320e88cb02eb90","San Mateo","NEIGHBORHOOD","Staumbaugh - Heller"
"63a0c59ff6320e88cb02ebd0","San Mateo","NEIGHBORHOOD","Sterling Downs"
"63a0c59ff6320e88cb02ebd7","San Mateo","NEIGHBORHOOD","Sunnybrae"
"63a0c59af6320e88cb02eba1","San Mateo","NEIGHBORHOOD","Sunshine Gardens"
"63a0c5a5f6320e88cb02ec22","San Mateo","NEIGHBORHOOD","Telescope Hills"
"63a0c5a0f6320e88cb02ebe2","San Mateo","NEIGHBORHOOD","The Crossings"
"63a0c59df6320e88cb02ebb5","San Mateo","NEIGHBORHOOD","The Islands"
"63a0c5a3f6320e88cb02ec0b","San Mateo","NEIGHBORHOOD","The Lanes"
"63a0c59cf6320e88cb02ebaf","San Mateo","NEIGHBORHOOD","The Northeast Ridge"
"63a0c593f6320e88cb02eb81","San Mateo","NEIGHBORHOOD","The Willows"
"63a0c5a2f6320e88cb02ebf7","San Mateo","NEIGHBORHOOD","Tobin Clark Estate"
"63a0c59df6320e88cb02ebb7","San Mateo","NEIGHBORHOOD","Treasure Isle"
"63a0c593f6320e88cb02eb82","San Mateo","NEIGHBORHOOD","University Heights"
"63a0c592f6320e88cb02eb76","San Mateo","NEIGHBORHOOD","Vintage Park"
"63a0c594f6320e88cb02eb85","San Mateo","NEIGHBORHOOD","Vista Verde"
"63a0c5a5f6320e88cb02ec1a","San Mateo","NEIGHBORHOOD","West Atherton"
"63a0c59ef6320e88cb02ebc4","San Mateo","NEIGHBORHOOD","West Edgemar - Pacific Manor"
"63a0c5a0f6320e88cb02ebdf","San Mateo","NEIGHBORHOOD","West Fairway Park - Mori Point - Rockway Beach"
"63a0c59ff6320e88cb02ebcd","San Mateo","NEIGHBORHOOD","West Linda Mar"
"63a0c5a6f6320e88cb02ec26","San Mateo","NEIGHBORHOOD","West Menlo"
"63a0c5a0f6320e88cb02ebe9","San Mateo","NEIGHBORHOOD","West Sharp Park"
"63a0c5a5f6320e88cb02ec19","San Mateo","NEIGHBORHOOD","West of Alameda"
"63a0c59af6320e88cb02eba2","San Mateo","NEIGHBORHOOD","Westborough"
"63a0c59ff6320e88cb02ebd9","San Mateo","NEIGHBORHOOD","Western Hills"
"63a0c596f6320e88cb02eb95","San Mateo","NEIGHBORHOOD","Westlake"
"63a0c594f6320e88cb02eb87","San Mateo","NEIGHBORHOOD","Westridge"
"63a0c59af6320e88cb02eb9d","San Mateo","NEIGHBORHOOD","Westview - Pacific Highlands"
"63a0c5a4f6320e88cb02ec10","San Mateo","NEIGHBORHOOD","Westwood Knolls"
"63a0c59ef6320e88cb02ebc5","San Mateo","NEIGHBORHOOD","Winston - Serra"
"63a0c597f6320e88cb02eb9a","San Mateo","NEIGHBORHOOD","Woodside Heights"
"63a0c597f6320e88cb02eb9b","San Mateo","NEIGHBORHOOD","Woodside Hills"
"63a0c594f6320e88cb02eb91","San Mateo","NEIGHBORHOOD","Woodside Plaza"
"63a0c5b0f6320e88cb02ec39","San Mateo","ZIPCODE","94002"
"63a0c5b2f6320e88cb02ec3d","San Mateo","ZIPCODE","94005"
"63a0c5b2f6320e88cb02ec3e","San Mateo","ZIPCODE","94010"
"63a0c5b2f6320e88cb02ec3f","San Mateo","ZIPCODE","94014"
"63a0c5b4f6320e88cb02ec4b","San Mateo","ZIPCODE","94015"
"63a0c5b0f6320e88cb02ec3a","San Mateo","ZIPCODE","94018"
"63a0c5aef6320e88cb02ec31","San Mateo","ZIPCODE","94019"
"63a0c5aff6320e88cb02ec37","San Mateo","ZIPCODE","94020"
"63a0c5b2f6320e88cb02ec40","San Mateo","ZIPCODE","94021"
"63a0c5b4f6320e88cb02ec4a","San Mateo","ZIPCODE","94025"
"63a0c5aff6320e88cb02ec35","San Mateo","ZIPCODE","94027"
"63a0c5b2f6320e88cb02ec41","San Mateo","ZIPCODE","94028"
"63a0c5aef6320e88cb02ec2f","San Mateo","ZIPCODE","94030"
"63a0c5b1f6320e88cb02ec3c","San Mateo","ZIPCODE","94037"
"63a0c5b3f6320e88cb02ec49","San Mateo","ZIPCODE","94038"
"63a0c5b4f6320e88cb02ec4c","San Mateo","ZIPCODE","94044"
"63a0c5b2f6320e88cb02ec42","San Mateo","ZIPCODE","94060"
"63a0c5aff6320e88cb02ec32","San Mateo","ZIPCODE","94061"
"63a0c5aef6320e88cb02ec30","San Mateo","ZIPCODE","94062"
"63a0c5b2f6320e88cb02ec43","San Mateo","ZIPCODE","94063"
"63a0c5b4f6320e88cb02ec4d","San Mateo","ZIPCODE","94065"
"63a0c5b2f6320e88cb02ec44","San Mateo","ZIPCODE","94066"
"63a0c5b2f6320e88cb02ec45","San Mateo","ZIPCODE","94070"
"63a0c5aff6320e88cb02ec36","San Mateo","ZIPCODE","94074"
"63a0c5b2f6320e88cb02ec46","San Mateo","ZIPCODE","94080"
"63a0c5b2f6320e88cb02ec47","San Mateo","ZIPCODE","94128"
"63a0c5b2f6320e88cb02ec48","San Mateo","ZIPCODE","94303"
"63a0c5aff6320e88cb02ec33","San Mateo","ZIPCODE","94401"
"63a0c5aff6320e88cb02ec34","San Mateo","ZIPCODE","94402"
"63a0c5b0f6320e88cb02ec3b","San Mateo","ZIPCODE","94403"
"63a0c5aff6320e88cb02ec38","San Mateo","ZIPCODE","94404"